{
  "parameters": [
    {
      "id": "202877",
      "name": "Liczba rdzeni procesora",
      "type": "integer",
      "required": false,
      "requiredForProduct": false,
      "unit": null,
      "options": {
        "variantsAllowed": true,
        "variantsEqual": false,
        "ambiguousValueId": null,
        "dependsOnParameterId": null,
        "describesProduct": false
      },
      "restrictions": {
        "min": 0,
        "max": 1000000,
        "range": false
      }
    }
  ]
}